"LCSC Part Number","Manufacture Part Number","Package","Value","Quoted Manufacturer","Quoted LCSC Part Number","Quantity","Unit Price","Order Price","Quantity Available","Min\Mult Order Qty","RoHS","Part Match Confidence"
"C19666","CL10A475KO8NNNC","Capacitor_SMD:C_0603_1608Metric_Pad1.08x0.95mm_HandSolder","4u7F 10V+","Samsung Electro-Mechanics","C19666","50","0.0108","0.54","217400","50\50","yes","100%"
"C282519","CL10A105KO8NNNC","Capacitor_SMD:C_0603_1608Metric_Pad1.08x0.95mm_HandSolder","1uF","Samsung Electro-Mechanics","C1592","100","0.0019","0.19","24113000","100\100","yes","100%"
"C1592","TCC0603X7R104K500CT","Capacitor_SMD:C_0603_1608Metric_Pad1.08x0.95mm_HandSolder","100nF","CCTC","C282519","100","0.0021","0.21","5980100","100\100","yes","100%"
"C2683619","1N5819W","Diode_SMD:D_SOD-123","1N5819W","ZHIDE","C2683619","20","0.0362","0.72","1420","20\20","yes","100%"
"C324726","FH34SRJ-24S-0.5SH","Connector_FFC-FPC:Hirose_FH12-24S-0.5SH_1x24-1MP_P0.50mm_Horizontal","FH34SRJ-24S-0.5SH","HRS(Hirose)","C324726","5","0.2159","1.08","62140","1\1","yes","100%"
"C223256","LB2012T680M","Inductor_SMD:L_0805_2012Metric_Pad1.15x1.40mm_HandSolder","68uH","Taiyo Yuden","C223256","10","0.0509","0.51","4490","10\10","yes","100%"
"C469327","Si1308EDL-T1-GE3","Package_TO_SOT_SMD:SOT-323_SC-70_Handsoldering","Si1308EDL-T1-GE3","Vishay Intertech","C469327","10","1.1181","11.18","5754","1\1","yes","100%"
"C270932","0603WAJ047KT5E","Resistor_SMD:R_0603_1608Metric_Pad0.98x0.95mm_HandSolder","0R47","UNI-ROYAL(Uniroyal Elec)","C270932","100","0.0037","0.37","700","100\100","yes","100%"
"C73809","RS-03K103JT","Resistor_SMD:R_0603_1608Metric_Pad0.98x0.95mm_HandSolder","10KR","FH(Guangdong Fenghua Advanced Tech)","C73809","100","0.001","0.1","12413200","100\100","yes","100%"
